Bond,Security_Code,Weight_In_Portfolio,Weight_In_Bond_Part,Yield
Сегежа3P1R,RU000A105EW9,0.07500000000000001,0.25,21.33
РЖД-32 обл,RU000A0JSGV0,0.07500000000000001,0.25,21.48
Кыргыз. 02,KG000A3LSJ06,0.07500000000000001,0.25,20.85
РЖД-30 обл,RU000A0JUAH8,0.07500000000000001,0.25,20.66
