{
    "market_weights": {
        "AFKS": 0.0045958186003671395,
        "ALRS": 0.011178207373935914,
        "GAZP": 0.10481262150252486,
        "GMKN": 0.053024206490970206,
        "LKOH": 0.14000572351122267,
        "MAGN": 0.011522842983287668,
        "MTSS": 0.012891943311247614,
        "MVID": 0.0005856874130646215,
        "NVTK": 0.11763413800979748,
        "PHOR": 0.024249968992599253,
        "ROSN": 0.14992244213215103,
        "RUAL": 0.015734028356890743,
        "SBER": 0.20147436892983026,
        "SIBN": 0.0807643030507096,
        "SNGS": 0.025405974634434204,
        "TATN": 0.04619772470696671
    },
    "implied_returns": {
        "AFKS": 0.0328273442947626,
        "ALRS": 0.022928412532843778,
        "GAZP": 0.028311828478222854,
        "GMKN": 0.0289623210169338,
        "LKOH": 0.015258487806946759,
        "MAGN": 0.025176602685720032,
        "MTSS": 0.02163081560549287,
        "MVID": 0.025074770467146856,
        "NVTK": 0.03154898831015619,
        "PHOR": 0.0035157604780844034,
        "ROSN": 0.024495569081330906,
        "RUAL": 0.02101401909343517,
        "SBER": 0.02261824088786937,
        "SIBN": 0.02187724411562424,
        "SNGS": 0.024625768418350125,
        "TATN": 0.022767585765043084
    },
    "posterior_returns": {
        "AFKS": 0.10073786360181664,
        "ALRS": 0.06817463429442983,
        "GAZP": 0.07945099048693888,
        "GMKN": 0.0887411034096048,
        "LKOH": 0.048490919537027756,
        "MAGN": 0.07671220923094761,
        "MTSS": 0.06777885132266748,
        "MVID": 0.09368500199769214,
        "NVTK": 0.09285334179804616,
        "PHOR": 0.02598515087469206,
        "ROSN": 0.07976739829930647,
        "RUAL": 0.06935830338725296,
        "SBER": 0.06946035399140163,
        "SIBN": 0.07269935828029343,
        "SNGS": 0.08334410345355728,
        "TATN": 0.087004374736123
    },
    "views": {
        "AFKS": 0.075,
        "ALRS": 0.075,
        "GAZP": 0.13061113791532278,
        "GMKN": 0.08991624965142683,
        "LKOH": 0.07992187171129687,
        "MAGN": 0.07924157978476284,
        "MTSS": 0.09100341286296346,
        "MVID": 0.22035661304579962,
        "NVTK": 0.13350492608748188,
        "PHOR": 0.16326439035280826,
        "ROSN": 0.18624754380831016,
        "RUAL": 0.075,
        "SBER": 0.10227473490125805,
        "SIBN": 0.14150386835003384,
        "SNGS": 0.17215513293471624,
        "TATN": 0.24312987476559256
    },
    "view_confidences": {
        "AFKS": 0.5,
        "ALRS": 0.5,
        "GAZP": 0.5,
        "GMKN": 0.5,
        "LKOH": 0.6080363026834417,
        "MAGN": 0.5,
        "MTSS": 0.5,
        "MVID": 0.7,
        "NVTK": 0.5362548122905543,
        "PHOR": 0.5256495728969062,
        "ROSN": 0.5678980311717746,
        "RUAL": 0.5,
        "SBER": 0.5445935646795627,
        "SIBN": 0.5205718196090298,
        "SNGS": 0.5,
        "TATN": 0.7429867945105555
    },
    "tau": 0.05
}