{
    "market_weights": {
        "AFKS": 0.004193575780923626,
        "AFLT": 0.007929375109877375,
        "ALRS": 0.010270216085249332,
        "CBOM": 0.007378481871179551,
        "GAZP": 0.09845779467796587,
        "GMKN": 0.048655479585917684,
        "LKOH": 0.1283539514219774,
        "MAGN": 0.010524618093215308,
        "MTSS": 0.011932461144754386,
        "MVID": 0.0005351182982085632,
        "NVTK": 0.10432252403322369,
        "PHOR": 0.022124054868327924,
        "PLZL": 0.06707335326942633,
        "POSI": 0.0024811935473117042,
        "ROSN": 0.1362994076949118,
        "RUAL": 0.01450752970902351,
        "SBER": 0.1840641162059934,
        "SIBN": 0.0746972602731887,
        "SNGS": 0.02331469021607181,
        "TATN": 0.042884798113252146
    },
    "implied_returns": {
        "AFKS": 0.012519650297079122,
        "AFLT": 0.025235209929151882,
        "ALRS": 0.012318173547978897,
        "CBOM": 0.011927561533572963,
        "GAZP": 0.029168762085785494,
        "GMKN": 0.0223267890530469,
        "LKOH": 0.011870196752883259,
        "MAGN": 0.010555618582278117,
        "MTSS": 0.01969313924836811,
        "MVID": 0.02917085414486744,
        "NVTK": 0.030375149648591514,
        "PHOR": 0.0064213520744608905,
        "PLZL": 0.015397579191913213,
        "POSI": 0.01919980893662935,
        "ROSN": 0.02236310874227705,
        "RUAL": 0.011248820934819541,
        "SBER": 0.020134034267317764,
        "SIBN": 0.020252978412565025,
        "SNGS": 0.02674444643012862,
        "TATN": 0.021839255100098102
    },
    "posterior_returns": {
        "AFKS": 0.06063551699622263,
        "AFLT": 0.06462255599967126,
        "ALRS": 0.04572392497553866,
        "CBOM": 0.045588967794058674,
        "GAZP": 0.06307101162195909,
        "GMKN": 0.06350870258044916,
        "LKOH": 0.020741709066433637,
        "MAGN": 0.049744754135957164,
        "MTSS": 0.059524336536275896,
        "MVID": 0.06420117399554662,
        "NVTK": 0.05683567377043573,
        "PHOR": 0.03368564390426182,
        "PLZL": 0.03332335306327883,
        "POSI": 0.04753353578346589,
        "ROSN": 0.021906007794058522,
        "RUAL": 0.04710878177913309,
        "SBER": 0.033833587102748974,
        "SIBN": 0.05452143204761821,
        "SNGS": 0.04981059746387748,
        "TATN": 0.05887320080163873
    },
    "views": {
        "AFKS": 0.12517944543775913,
        "ALRS": 0.10419677960494902,
        "GMKN": 0.12005205467663596,
        "MAGN": 0.13182162153999305,
        "MTSS": 0.12410171239550627,
        "PHOR": 0.17485354774290648,
        "RUAL": 0.12745262083549386,
        "SIBN": 0.1586912992751666,
        "TATN": 0.16113016890245224
    },
    "view_confidences": {
        "AFKS": 0.5,
        "ALRS": 0.5,
        "GMKN": 0.5,
        "MAGN": 0.5,
        "MTSS": 0.5,
        "PHOR": 0.5213946367702778,
        "RUAL": 0.5,
        "SIBN": 0.521435488627335,
        "TATN": 0.5419885316707012
    },
    "tau": 0.05
}