{
    "market_weights": {
        "AFKS": 0.062417657279030654,
        "ALRS": 0.06097658089044645,
        "GAZP": 0.062221331253463866,
        "GMKN": 0.060430872208563316,
        "LKOH": 0.06184632143708839,
        "MAGN": 0.061017431178887575,
        "MTSS": 0.06270510015363163,
        "MVID": 0.06135285253611089,
        "NVTK": 0.0645389635786355,
        "PHOR": 0.058643432297434496,
        "ROSN": 0.0662127818033117,
        "RUAL": 0.06194123510833245,
        "SBER": 0.0629436304714569,
        "SIBN": 0.06392835073668757,
        "SNGS": 0.06287593183660192,
        "TATN": 0.06594752723031677
    },
    "implied_returns": {
        "AFKS": 0.044601831932975525,
        "ALRS": 0.030227571731854,
        "GAZP": 0.03146864798815816,
        "GMKN": 0.035535732379424895,
        "LKOH": 0.015716173541491272,
        "MAGN": 0.03302594337105887,
        "MTSS": 0.03018207285556198,
        "MVID": 0.03834722491768457,
        "NVTK": 0.035321438627002655,
        "PHOR": 0.0057897777058843825,
        "ROSN": 0.027993540880238088,
        "RUAL": 0.029997370695853596,
        "SBER": 0.02604894628221639,
        "SIBN": 0.025852438331914706,
        "SNGS": 0.031415205682618595,
        "TATN": 0.027405150715617322
    },
    "posterior_returns": {
        "AFKS": 0.11814921260813036,
        "ALRS": 0.08367250840198814,
        "GAZP": 0.08393581499041843,
        "GMKN": 0.0976117279800914,
        "LKOH": 0.04778933094512679,
        "MAGN": 0.0882768626024816,
        "MTSS": 0.08124860075803624,
        "MVID": 0.10939542201216991,
        "NVTK": 0.09798130812229643,
        "PHOR": 0.028786197169428616,
        "ROSN": 0.08412636136093747,
        "RUAL": 0.08469963716388687,
        "SBER": 0.07400287481636922,
        "SIBN": 0.0778479340299335,
        "SNGS": 0.09186745147331073,
        "TATN": 0.09217589877242599
    },
    "views": {
        "AFKS": 0.1,
        "ALRS": 0.1,
        "GAZP": 0.1363427105167302,
        "GMKN": 0.1,
        "LKOH": 0.1,
        "MAGN": 0.1,
        "MTSS": 0.1,
        "MVID": 0.22608818564720704,
        "NVTK": 0.13440252371681538,
        "PHOR": 0.16557601990129484,
        "ROSN": 0.1829260455868143,
        "RUAL": 0.1,
        "SBER": 0.10206049887872379,
        "SIBN": 0.1444925316702373,
        "SNGS": 0.17788670553612365,
        "TATN": 0.24312987476559256
    },
    "view_confidences": {
        "AFKS": 0.5429867945105555,
        "ALRS": 0.5429867945105555,
        "GAZP": 0.5429867945105555,
        "GMKN": 0.5429867945105555,
        "LKOH": 0.5429867945105555,
        "MAGN": 0.5429867945105555,
        "MTSS": 0.5429867945105555,
        "MVID": 0.7429867945105555,
        "NVTK": 0.5429867945105555,
        "PHOR": 0.5429867945105555,
        "ROSN": 0.5429867945105555,
        "RUAL": 0.5429867945105555,
        "SBER": 0.5429867945105555,
        "SIBN": 0.5429867945105555,
        "SNGS": 0.5429867945105555,
        "TATN": 0.7429867945105555
    },
    "tau": 0.05
}