{
    "market_weights": {
        "AFKS": 0.0045958186003671395,
        "ALRS": 0.011178207373935914,
        "GAZP": 0.10481262150252486,
        "GMKN": 0.053024206490970206,
        "LKOH": 0.14000572351122267,
        "MAGN": 0.011522842983287668,
        "MTSS": 0.012891943311247614,
        "MVID": 0.0005856874130646215,
        "NVTK": 0.11763413800979748,
        "PHOR": 0.024249968992599253,
        "ROSN": 0.14992244213215103,
        "RUAL": 0.015734028356890743,
        "SBER": 0.20147436892983026,
        "SIBN": 0.0807643030507096,
        "SNGS": 0.025405974634434204,
        "TATN": 0.04619772470696671
    },
    "implied_returns": {
        "AFKS": 0.03376798471960491,
        "ALRS": 0.025061722543117018,
        "GAZP": 0.028541047489239232,
        "GMKN": 0.02918117777180147,
        "LKOH": 0.014628582027468933,
        "MAGN": 0.02590129358440983,
        "MTSS": 0.024321253601249183,
        "MVID": 0.02537124826322874,
        "NVTK": 0.0307857738726529,
        "PHOR": 0.021906306712779745,
        "ROSN": 0.0250885943998944,
        "RUAL": 0.025559204783389227,
        "SBER": 0.022522126549142096,
        "SIBN": 0.02151280586019438,
        "SNGS": 0.02496767987579311,
        "TATN": 0.022855803903878827
    },
    "posterior_returns": {
        "AFKS": 0.13099994514802113,
        "ALRS": 0.09820821992168907,
        "GAZP": 0.1042870325964845,
        "GMKN": 0.11008324579734052,
        "LKOH": 0.05613189193731551,
        "MAGN": 0.10209988517377083,
        "MTSS": 0.0983698371555608,
        "MVID": 0.1297945627949523,
        "NVTK": 0.11246068101620352,
        "PHOR": 0.0857777108131287,
        "ROSN": 0.10290711328369323,
        "RUAL": 0.09901566124713207,
        "SBER": 0.08628392230578456,
        "SIBN": 0.08959065545175934,
        "SNGS": 0.10565640358107667,
        "TATN": 0.11227151775992181
    },
    "views": {
        "AFKS": 0.09125304696886584,
        "ALRS": 0.0881572237720522,
        "GAZP": 0.1514559033245524,
        "GMKN": 0.10631581933560402,
        "LKOH": 0.08314183423701557,
        "MAGN": 0.09081401651783098,
        "MTSS": 0.11197844345275375,
        "MVID": 0.24120137845502923,
        "NVTK": 0.14951571652463758,
        "PHOR": 0.18068921270911706,
        "ROSN": 0.1980392383946365,
        "RUAL": 0.08744052203144913,
        "SBER": 0.11717369168654597,
        "SIBN": 0.15960572447805949,
        "SNGS": 0.19299989834394585,
        "TATN": 0.25824306757341475
    },
    "view_confidences": {
        "AFKS": 0.6563357405692221,
        "ALRS": 0.6563357405692221,
        "GAZP": 0.6563357405692221,
        "GMKN": 0.6563357405692221,
        "LKOH": 0.6563357405692221,
        "MAGN": 0.6563357405692221,
        "MTSS": 0.6563357405692221,
        "MVID": 0.856335740569222,
        "NVTK": 0.6563357405692221,
        "PHOR": 0.6563357405692221,
        "ROSN": 0.6563357405692221,
        "RUAL": 0.6563357405692221,
        "SBER": 0.6563357405692221,
        "SIBN": 0.6563357405692221,
        "SNGS": 0.6563357405692221,
        "TATN": 0.856335740569222
    },
    "tau": 0.05
}