{
    "market_weights": {
        "AFKS": 0.0045958186003671395,
        "ALRS": 0.011178207373935914,
        "GAZP": 0.10481262150252486,
        "GMKN": 0.053024206490970206,
        "LKOH": 0.14000572351122267,
        "MAGN": 0.011522842983287668,
        "MTSS": 0.012891943311247614,
        "MVID": 0.0005856874130646215,
        "NVTK": 0.11763413800979748,
        "PHOR": 0.024249968992599253,
        "ROSN": 0.14992244213215103,
        "RUAL": 0.015734028356890743,
        "SBER": 0.20147436892983026,
        "SIBN": 0.0807643030507096,
        "SNGS": 0.025405974634434204,
        "TATN": 0.04619772470696671
    },
    "implied_returns": {
        "AFKS": 0.03322402876405566,
        "ALRS": 0.024123639621834964,
        "GAZP": 0.027677073033079636,
        "GMKN": 0.028989208276048496,
        "LKOH": 0.01478669224838728,
        "MAGN": 0.025445853111814475,
        "MTSS": 0.023008236918371457,
        "MVID": 0.025060543110196246,
        "NVTK": 0.031344138612006946,
        "PHOR": 0.003501923467404985,
        "ROSN": 0.024574051576441075,
        "RUAL": 0.023022088506583948,
        "SBER": 0.022696897223521882,
        "SIBN": 0.021985126621772634,
        "SNGS": 0.024728177019790857,
        "TATN": 0.022645416359812046
    },
    "posterior_returns": {
        "AFKS": 0.10621877741231327,
        "ALRS": 0.07666653584595906,
        "GAZP": 0.08013013933182589,
        "GMKN": 0.09084846152108705,
        "LKOH": 0.04499778257138102,
        "MAGN": 0.08003571725289554,
        "MTSS": 0.07465312966052436,
        "MVID": 0.0976280315566897,
        "NVTK": 0.09383785106927733,
        "PHOR": 0.026394845855160182,
        "ROSN": 0.08050339547249627,
        "RUAL": 0.07667034823349606,
        "SBER": 0.0705752353859888,
        "SIBN": 0.0740234787903532,
        "SNGS": 0.08522579100001115,
        "TATN": 0.08769632320444165
    },
    "views": {
        "AFKS": 0.08369645056495473,
        "ALRS": 0.08060062736814111,
        "GAZP": 0.1363427105167302,
        "GMKN": 0.09560131326389093,
        "LKOH": 0.07558523783310446,
        "MAGN": 0.08325742011391989,
        "MTSS": 0.09843262532246579,
        "MVID": 0.22608818564720704,
        "NVTK": 0.13440252371681538,
        "PHOR": 0.16557601990129484,
        "ROSN": 0.1829260455868143,
        "RUAL": 0.07988392562753802,
        "SBER": 0.10206049887872379,
        "SIBN": 0.1444925316702373,
        "SNGS": 0.17788670553612365,
        "TATN": 0.24312987476559256
    },
    "view_confidences": {
        "AFKS": 0.5429867945105555,
        "ALRS": 0.5429867945105555,
        "GAZP": 0.5429867945105555,
        "GMKN": 0.5429867945105555,
        "LKOH": 0.5429867945105555,
        "MAGN": 0.5429867945105555,
        "MTSS": 0.5429867945105555,
        "MVID": 0.7429867945105555,
        "NVTK": 0.5429867945105555,
        "PHOR": 0.5429867945105555,
        "ROSN": 0.5429867945105555,
        "RUAL": 0.5429867945105555,
        "SBER": 0.5429867945105555,
        "SIBN": 0.5429867945105555,
        "SNGS": 0.5429867945105555,
        "TATN": 0.7429867945105555
    },
    "tau": 0.05
}