{
    "market_weights": {
        "AFKS": 0.004582453828065687,
        "ALRS": 0.011222592239539099,
        "GAZP": 0.10758796828647725,
        "GMKN": 0.05316739230017053,
        "LKOH": 0.1402564510021691,
        "MAGN": 0.011500585416763744,
        "MTSS": 0.013038980361285297,
        "MVID": 0.0005847408088458924,
        "NVTK": 0.11399654485419372,
        "PHOR": 0.024175659441970386,
        "ROSN": 0.14893870414738772,
        "RUAL": 0.015852839801609443,
        "SBER": 0.20113272252156855,
        "SIBN": 0.0816240755304778,
        "SNGS": 0.025476704610134154,
        "TATN": 0.0468615848493416
    },
    "implied_returns": {
        "AFKS": 0.025440929877474927,
        "ALRS": 0.016404729326026553,
        "GAZP": 0.027786237474509704,
        "GMKN": 0.02667851779231562,
        "LKOH": 0.012757088504752661,
        "MAGN": 0.023261419958603907,
        "MTSS": 0.019440965626603596,
        "MVID": 0.0337139930936738,
        "NVTK": 0.031497747814019365,
        "PHOR": 0.007173720802275292,
        "ROSN": 0.02369680848124384,
        "RUAL": 0.017102211801197316,
        "SBER": 0.02167528356379344,
        "SIBN": 0.02045814333770653,
        "SNGS": 0.02839692952351478,
        "TATN": 0.022447503794467492
    },
    "posterior_returns": {
        "AFKS": 0.07169367790089867,
        "ALRS": 0.05042455475493998,
        "GAZP": 0.05959215252473192,
        "GMKN": 0.06574870219162487,
        "LKOH": 0.023245380599211315,
        "MAGN": 0.06043131569741923,
        "MTSS": 0.05667412593576579,
        "MVID": 0.081731085574123,
        "NVTK": 0.060232767432440354,
        "PHOR": 0.03330201197194369,
        "ROSN": 0.03080232739264694,
        "RUAL": 0.05029946086559235,
        "SBER": 0.039255462099534566,
        "SIBN": 0.05284617190137647,
        "SNGS": 0.055156105305902425,
        "TATN": 0.057225690296371784
    },
    "views": {
        "AFKS": 0.11432983831721329,
        "ALRS": 0.0995250111222543,
        "GMKN": 0.11371265771465643,
        "MAGN": 0.12573532370211318,
        "MTSS": 0.1148044988948986,
        "PHOR": 0.16379047325085394,
        "RUAL": 0.11792543726724924,
        "SIBN": 0.1508036952350729,
        "TATN": 0.15472412419963416
    },
    "view_confidences": {
        "AFKS": 0.5,
        "ALRS": 0.5,
        "GMKN": 0.5,
        "MAGN": 0.5,
        "MTSS": 0.5,
        "PHOR": 0.5250204276438153,
        "RUAL": 0.5,
        "SIBN": 0.5199314475102402,
        "TATN": 0.5421718735631774
    },
    "tau": 0.05
}