{
    "market_weights": {
        "AFKS": 0.004582453828065687,
        "ALRS": 0.011222592239539099,
        "GAZP": 0.10758796828647725,
        "GMKN": 0.05316739230017053,
        "LKOH": 0.1402564510021691,
        "MAGN": 0.011500585416763744,
        "MTSS": 0.013038980361285297,
        "MVID": 0.0005847408088458924,
        "NVTK": 0.11399654485419372,
        "PHOR": 0.024175659441970386,
        "ROSN": 0.14893870414738772,
        "RUAL": 0.015852839801609443,
        "SBER": 0.20113272252156855,
        "SIBN": 0.0816240755304778,
        "SNGS": 0.025476704610134154,
        "TATN": 0.0468615848493416
    },
    "implied_returns": {
        "AFKS": 0.024075470120182643,
        "ALRS": 0.01352622675713011,
        "GAZP": 0.028544399548453354,
        "GMKN": 0.02281512395874858,
        "LKOH": 0.011730219794019439,
        "MAGN": 0.01785962205514325,
        "MTSS": 0.019153832987929942,
        "MVID": 0.030620481696961646,
        "NVTK": 0.030900917135851316,
        "PHOR": 0.0059938026028899475,
        "ROSN": 0.02364286293003416,
        "RUAL": 0.010346692754350783,
        "SBER": 0.02048352897044559,
        "SIBN": 0.019658745982722665,
        "SNGS": 0.02677245630114761,
        "TATN": 0.02160379082418785
    },
    "posterior_returns": {
        "AFKS": 0.07520141364976608,
        "ALRS": 0.049210226537057214,
        "GAZP": 0.0631101682033942,
        "GMKN": 0.06560232390644413,
        "LKOH": 0.021396028586098174,
        "MAGN": 0.05899011908791405,
        "MTSS": 0.06024310518558162,
        "MVID": 0.07103564653170795,
        "NVTK": 0.06213135860191909,
        "PHOR": 0.03323600688112419,
        "ROSN": 0.027141005968248783,
        "RUAL": 0.04678150889107479,
        "SBER": 0.03742182190936645,
        "SIBN": 0.05500158531668,
        "SNGS": 0.05423806702258251,
        "TATN": 0.06001232608164521
    },
    "views": {
        "AFKS": 0.12861062582160893,
        "ALRS": 0.10717541605785881,
        "GMKN": 0.1234216307481208,
        "MAGN": 0.13553518425348332,
        "MTSS": 0.12716940775657634,
        "PHOR": 0.17720243226072074,
        "RUAL": 0.13092298282194942,
        "SIBN": 0.16208939842992606,
        "TATN": 0.16471607502079116
    },
    "view_confidences": {
        "AFKS": 0.5,
        "ALRS": 0.5,
        "GMKN": 0.5,
        "MAGN": 0.5,
        "MTSS": 0.5,
        "PHOR": 0.5250900209107572,
        "RUAL": 0.5,
        "SIBN": 0.5199975084417274,
        "TATN": 0.5422591285073934
    },
    "tau": 0.05
}