{
    "market_weights": {
        "AFKS": 0.004582453828065687,
        "ALRS": 0.011222592239539099,
        "GAZP": 0.10758796828647725,
        "GMKN": 0.05316739230017053,
        "LKOH": 0.1402564510021691,
        "MAGN": 0.011500585416763744,
        "MTSS": 0.013038980361285297,
        "MVID": 0.0005847408088458924,
        "NVTK": 0.11399654485419372,
        "PHOR": 0.024175659441970386,
        "ROSN": 0.14893870414738772,
        "RUAL": 0.015852839801609443,
        "SBER": 0.20113272252156855,
        "SIBN": 0.0816240755304778,
        "SNGS": 0.025476704610134154,
        "TATN": 0.0468615848493416
    },
    "implied_returns": {
        "AFKS": 0.024462432574495124,
        "ALRS": 0.015773778198102453,
        "GAZP": 0.02671753603318241,
        "GMKN": 0.025652420954149636,
        "LKOH": 0.012266431254569866,
        "MAGN": 0.022366749960196063,
        "MTSS": 0.018693236179426535,
        "MVID": 0.03241730105160943,
        "NVTK": 0.030286295975018623,
        "PHOR": 0.006897808463726242,
        "ROSN": 0.02278539277042677,
        "RUAL": 0.016444434424228188,
        "SBER": 0.020841618811339845,
        "SIBN": 0.019671291670871664,
        "SNGS": 0.02730473992645652,
        "TATN": 0.021584138263911052
    },
    "posterior_returns": {
        "AFKS": 0.0710602182692393,
        "ALRS": 0.05004275126307754,
        "GAZP": 0.05876020876776421,
        "GMKN": 0.06501996558130813,
        "LKOH": 0.022829434580889253,
        "MAGN": 0.05981754869581628,
        "MTSS": 0.05619606756408055,
        "MVID": 0.08076872107087427,
        "NVTK": 0.05924828489371993,
        "PHOR": 0.03314158208811274,
        "ROSN": 0.029926088242691842,
        "RUAL": 0.049877144531428885,
        "SBER": 0.038559696601480516,
        "SIBN": 0.052281915968710534,
        "SNGS": 0.054280250301807415,
        "TATN": 0.05659842106408391
    },
    "views": {
        "AFKS": 0.11432983831721329,
        "ALRS": 0.0995250111222543,
        "GMKN": 0.11371265771465643,
        "MAGN": 0.12573532370211318,
        "MTSS": 0.1148044988948986,
        "PHOR": 0.16379047325085394,
        "RUAL": 0.11792543726724924,
        "SIBN": 0.1508036952350729,
        "TATN": 0.15472412419963416
    },
    "view_confidences": {
        "AFKS": 0.5,
        "ALRS": 0.5,
        "GMKN": 0.5,
        "MAGN": 0.5,
        "MTSS": 0.5,
        "PHOR": 0.5250204276438153,
        "RUAL": 0.5,
        "SIBN": 0.5199314475102402,
        "TATN": 0.5421718735631774
    },
    "tau": 0.05
}